{"count":1,"self":204.602304,"total":215.3733809,"children":{"InitializeActuators":{"count":1,"self":0.00099739999999999985,"total":0.00099739999999999985,"children":null},"InitializeSensors":{"count":1,"self":0.0019997,"total":0.0019997,"children":null},"AgentSendState":{"count":10549,"self":1.0378969,"total":1.1252149999999999,"children":{"CollectObservations":{"count":10549,"self":0.0304859,"total":0.0304859,"children":null},"WriteActionMask":{"count":10549,"self":0.0099776999999999991,"total":0.0099776999999999991,"children":null},"RequestDecision":{"count":10549,"self":0.0468545,"total":0.0468545,"children":null}}},"DecideAction":{"count":10549,"self":9.5922304,"total":9.6186645999999989,"children":{"RayPerceptionSensor.Perceive":{"count":10549,"self":0.026434199999999998,"total":0.026434199999999998,"children":null}}},"AgentAct":{"count":10549,"self":0.023200099999999998,"total":0.023200099999999998,"children":null}},"gauges":{"Move To Goal.CumulativeReward":{"count":81,"max":2059.01514,"min":-43.0297127,"runningAverage":865.4052,"value":508.6878,"weightedAverage":872.7953}},"metadata":{"timer_format_version":"0.1.0","start_time_seconds":"1674665816","unity_version":"2021.3.4f1","command_line_arguments":"C:\\Program Files\\Unity\\Hub\\Editor\\2021.3.4f1\\Editor\\Unity.exe -projectpath C:\\Users\\barki\\Documents\\Unity Projects Other\\ML_Agent_Test -useHub -hubIPC -cloudEnvironment production -licensingIpc LicenseClient-barki -hubSessionId 5ac90cf0-967c-11ed-ab80-3761f42b6c1c","communication_protocol_version":"1.5.0","com.unity.ml-agents_version":"2.0.1","scene_name":"Simulation","end_time_seconds":"1674666031"}}