{
    "name": "root",
    "gauges": {
        "MoveToGoal.Policy.Entropy.mean": {
            "value": 3.972262382507324,
            "min": 3.9531962871551514,
            "max": 6.648914337158203,
            "count": 200
        },
        "MoveToGoal.Policy.Entropy.sum": {
            "value": 1986893.875,
            "min": 1976669.25,
            "max": 3327899.5,
            "count": 200
        },
        "MoveToGoal.Environment.EpisodeLength.mean": {
            "value": 133.41904249596558,
            "min": 131.51608614730125,
            "max": 750.8466453674122,
            "count": 200
        },
        "MoveToGoal.Environment.EpisodeLength.sum": {
            "value": 496052.0,
            "min": 458316.0,
            "max": 542723.0,
            "count": 200
        },
        "MoveToGoal.Step.mean": {
            "value": 99999969.0,
            "min": 499968.0,
            "max": 99999969.0,
            "count": 200
        },
        "MoveToGoal.Step.sum": {
            "value": 99999969.0,
            "min": 499968.0,
            "max": 99999969.0,
            "count": 200
        },
        "MoveToGoal.Policy.ExtrinsicValueEstimate.mean": {
            "value": 221.43263244628906,
            "min": -4.1449737548828125,
            "max": 221.43263244628906,
            "count": 200
        },
        "MoveToGoal.Policy.ExtrinsicValueEstimate.sum": {
            "value": 2226726.5,
            "min": -33769.1015625,
            "max": 2226726.5,
            "count": 200
        },
        "MoveToGoal.Environment.CumulativeReward.mean": {
            "value": 356.09574183550745,
            "min": -25.099113713057278,
            "max": 356.09574183550745,
            "count": 200
        },
        "MoveToGoal.Environment.CumulativeReward.sum": {
            "value": 1323963.9681444168,
            "min": -15712.045184373856,
            "max": 1323963.9681444168,
            "count": 200
        },
        "MoveToGoal.Policy.ExtrinsicReward.mean": {
            "value": 356.09574183550745,
            "min": -25.099113713057278,
            "max": 356.09574183550745,
            "count": 200
        },
        "MoveToGoal.Policy.ExtrinsicReward.sum": {
            "value": 1323963.9681444168,
            "min": -15712.045184373856,
            "max": 1323963.9681444168,
            "count": 200
        },
        "MoveToGoal.Losses.PolicyLoss.mean": {
            "value": 0.02310175099691256,
            "min": 0.022447730844830906,
            "max": 0.025374180381285298,
            "count": 200
        },
        "MoveToGoal.Losses.PolicyLoss.sum": {
            "value": 1.1319857988487154,
            "min": 1.0829187742618767,
            "max": 1.2433348386829797,
            "count": 200
        },
        "MoveToGoal.Losses.ValueLoss.mean": {
            "value": 1153.2288149256285,
            "min": 263.9063187917074,
            "max": 1379.9959158345957,
            "count": 200
        },
        "MoveToGoal.Losses.ValueLoss.sum": {
            "value": 56508.21193135579,
            "min": 12667.503302001955,
            "max": 67619.79987589519,
            "count": 200
        },
        "MoveToGoal.Policy.LearningRate.mean": {
            "value": 7.414358141124715e-07,
            "min": 7.414358141124715e-07,
            "max": 0.0002992415544403153,
            "count": 200
        },
        "MoveToGoal.Policy.LearningRate.sum": {
            "value": 3.63303548915111e-05,
            "min": 3.63303548915111e-05,
            "max": 0.014589534684821784,
            "count": 200
        },
        "MoveToGoal.Policy.Epsilon.mean": {
            "value": 0.10024711202040819,
            "min": 0.10024711202040819,
            "max": 0.19974718472916667,
            "count": 200
        },
        "MoveToGoal.Policy.Epsilon.sum": {
            "value": 4.912108489000001,
            "min": 4.859992355999999,
            "max": 9.763178216,
            "count": 200
        },
        "MoveToGoal.Policy.Beta.mean": {
            "value": 2.2330889818367387e-05,
            "min": 2.2330889818367387e-05,
            "max": 0.004987384517985417,
            "count": 200
        },
        "MoveToGoal.Policy.Beta.sum": {
            "value": 0.001094213601100002,
            "min": 0.001094213601100002,
            "max": 0.2431625929784,
            "count": 200
        },
        "MoveToGoal.IsTraining.mean": {
            "value": 1.0,
            "min": 1.0,
            "max": 1.0,
            "count": 200
        },
        "MoveToGoal.IsTraining.sum": {
            "value": 1.0,
            "min": 1.0,
            "max": 1.0,
            "count": 200
        }
    },
    "metadata": {
        "timer_format_version": "0.1.0",
        "start_time_seconds": "1674510300",
        "python_version": "3.9.7 (default, Sep 16 2021, 16:59:28) [MSC v.1916 64 bit (AMD64)]",
        "command_line_arguments": "C:\\Users\\barki\\Documents\\Unity Projects Other\\ML_Agent_Test\\venv\\Scripts\\mlagents-learn results\\ppo\\configuration.yaml",
        "mlagents_version": "0.30.0",
        "mlagents_envs_version": "0.30.0",
        "communication_protocol_version": "1.5.0",
        "pytorch_version": "1.13.1+cpu",
        "numpy_version": "1.21.2",
        "end_time_seconds": "1674581274"
    },
    "total": 70974.2018412,
    "count": 1,
    "self": 0.013267600021208636,
    "children": {
        "run_training.setup": {
            "total": 0.07295279999999993,
            "count": 1,
            "self": 0.07295279999999993
        },
        "TrainerController.start_learning": {
            "total": 70974.11562079999,
            "count": 1,
            "self": 58.350503891240805,
            "children": {
                "TrainerController._reset_env": {
                    "total": 11.2857533,
                    "count": 1,
                    "self": 11.2857533
                },
                "TrainerController.advance": {
                    "total": 70904.40508960876,
                    "count": 3448308,
                    "self": 54.827924221070134,
                    "children": {
                        "env_step": {
                            "total": 42270.62254459027,
                            "count": 3448308,
                            "self": 36391.645638787064,
                            "children": {
                                "SubprocessEnvManager._take_step": {
                                    "total": 5844.658123606413,
                                    "count": 3448308,
                                    "self": 179.60950420952395,
                                    "children": {
                                        "TorchPolicy.evaluate": {
                                            "total": 5665.048619396889,
                                            "count": 3448308,
                                            "self": 5665.048619396889
                                        }
                                    }
                                },
                                "workers": {
                                    "total": 34.318782196788945,
                                    "count": 3448308,
                                    "self": 0.0,
                                    "children": {
                                        "worker_root": {
                                            "total": 70897.00106139848,
                                            "count": 3448308,
                                            "is_parallel": true,
                                            "self": 39520.20644300003,
                                            "children": {
                                                "steps_from_proto": {
                                                    "total": 0.0014825999999992234,
                                                    "count": 1,
                                                    "is_parallel": true,